User ID,Device Model,Operating System,App Usage Time (min/day),Screen On Time (hours/day),Battery Drain (mAh/day),Number of Apps Installed,Data Usage (MB/day),Age,Gender,User Behavior Class
1,Google Pixel 5,0,0.6390845070422535,0.49090909090909096,0.5834262356001486,67,0.4258872651356994,40,0,4
2,OnePlus 9,0,0.4190140845070423,0.3363636363636364,0.38238573021181715,42,0.3515657620041754,47,1,3
3,Xiaomi Mi 11,0,0.21830985915492962,0.2727272727272727,0.1705685618729097,32,0.09185803757828812,42,0,2
4,Google Pixel 5,0,0.36795774647887325,0.34545454545454546,0.5105908584169454,56,0.32108559498956163,20,0,3
5,iPhone 12,1,0.2764084507042254,0.30000000000000004,0.3957636566332219,58,0.369937369519833,31,1,3
6,Google Pixel 5,0,0.12147887323943664,0.09090909090909091,0.23708658491267187,35,0.19290187891440502,31,0,2
7,Samsung Galaxy S21,0,0.5633802816901409,0.5727272727272728,0.5574136008918618,66,0.39749478079331946,21,1,4
8,OnePlus 9,0,0.903169014084507,0.9454545454545454,0.986250464511334,82,0.6680584551148226,31,0,5
9,Samsung Galaxy S21,0,0.5457746478873239,0.6090909090909091,0.6822742474916388,75,0.3970772442588727,42,1,4
10,iPhone 12,1,0.6936619718309859,0.509090909090909,0.6150130063173541,75,0.5006263048016701,42,0,4
11,Google Pixel 5,0,0.040492957746478875,0.03636363636363635,0.04942400594574507,17,0.025052192066805846,34,1,1
12,OnePlus 9,0,0.3257042253521127,0.40909090909090906,0.5157933853586028,47,0.22505219206680588,24,0,3
13,OnePlus 9,0,0.7605633802816901,0.4727272727272728,0.7435897435897436,65,0.41628392484342386,57,1,4
14,Xiaomi Mi 11,0,0.3257042253521127,0.3545454545454546,0.505388331475288,43,0.3152400835073069,43,0,3
15,iPhone 12,1,0.27992957746478875,0.4,0.5395763656633222,53,0.2826722338204593,49,1,3
16,Google Pixel 5,0,0.8327464788732394,0.8545454545454546,0.8431809736157563,84,0.8029227557411274,39,1,5
17,OnePlus 9,0,0.17957746478873238,0.23636363636363636,0.12114455592716462,32,0.10104384133611694,47,1,2
18,iPhone 12,1,0.4735915492957747,0.4363636363636363,0.41954663693794125,41,0.36868475991649274,44,1,3
19,Google Pixel 5,0,0.0897887323943662,0.03636363636363635,0.09513192121887774,16,0.08141962421711901,26,1,1
20,iPhone 12,1,0.9630281690140845,0.6818181818181818,0.9186176142697883,89,0.872651356993737,29,1,5
21,Samsung Galaxy S21,0,0.11091549295774648,0.14545454545454548,0.14083983649201043,37,0.08350730688935284,45,1,2
22,OnePlus 9,0,0.9612676056338028,0.9636363636363635,0.9293942772203642,82,0.6058455114822547,43,1,5
23,Samsung Galaxy S21,0,0.6919014084507042,0.5,0.6659234485321442,65,0.5302713987473905,23,1,4
24,Google Pixel 5,0,0.4612676056338028,0.4181818181818181,0.40839836492010406,46,0.3536534446764092,37,1,3
25,OnePlus 9,0,0.3274647887323944,0.2727272727272727,0.5235971757710888,59,0.2697286012526096,58,0,3
26,Samsung Galaxy S21,0,0.10739436619718311,0.21818181818181817,0.28651059085841696,38,0.1457202505219207,52,0,2
27,iPhone 12,1,0.7288732394366197,0.6,0.7692307692307693,77,0.37578288100208773,29,0,4
28,Google Pixel 5,0,0.8485915492957746,0.8636363636363636,0.7829803047194351,89,0.6250521920668058,33,0,5
29,OnePlus 9,0,0.7429577464788732,0.5272727272727272,0.7748049052396878,77,0.5653444676409186,55,1,4
30,Samsung Galaxy S21,0,0.6725352112676056,0.4727272727272728,0.5934596804162021,78,0.5352818371607516,19,1,4
31,Xiaomi Mi 11,0,0.40492957746478875,0.4545454545454545,0.3935340022296544,44,0.3286012526096034,37,1,3
32,Xiaomi Mi 11,0,0.29401408450704225,0.32727272727272727,0.5046451133407656,59,0.3645093945720251,25,0,3
33,Google Pixel 5,0,0.4366197183098592,0.3363636363636364,0.43924191750278707,55,0.3402922755741128,21,0,3
34,Google Pixel 5,0,0.028169014084507046,0.09090909090909091,0.0575994054254924,14,0.0012526096033402961,58,0,1
35,Xiaomi Mi 11,0,0.9911971830985915,0.8363636363636363,0.8164251207729468,81,0.6321503131524009,38,1,5
36,Samsung Galaxy S21,0,0.0035211267605633825,0.018181818181818174,0.10330732069862507,19,0.021294363256784972,20,1,1
37,iPhone 12,1,0.1619718309859155,0.20909090909090908,0.16833890746934227,30,0.1966597077244259,26,0,2
38,Samsung Galaxy S21,0,0.8661971830985915,0.9272727272727271,0.9312523225566703,93,0.9294363256784969,24,0,5
39,OnePlus 9,0,0.7799295774647887,0.49090909090909096,0.7469342251950948,74,0.5419624217118998,40,0,4
40,Samsung Galaxy S21,0,0.647887323943662,0.4727272727272728,0.5756224451876626,77,0.4501043841336117,23,0,4
41,Xiaomi Mi 11,0,0.36971830985915494,0.3363636363636364,0.43180973615756224,52,0.25302713987473907,56,1,3
42,OnePlus 9,0,0.9612676056338028,0.8272727272727273,0.7971014492753623,83,0.9273486430062631,33,0,5
43,Samsung Galaxy S21,0,0.15845070422535212,0.1,0.1553325901151988,39,0.12108559498956159,43,0,2
44,Samsung Galaxy S21,0,0.21478873239436624,0.24545454545454545,0.25678186547751763,32,0.13653444676409188,18,0,2
45,Xiaomi Mi 11,0,0.19014084507042256,0.12727272727272726,0.19881085098476403,21,0.19624217118997914,56,1,2
46,Xiaomi Mi 11,0,0.8309859154929577,0.9,0.8078781122259383,96,0.7653444676409187,39,0,5
47,OnePlus 9,0,0.9295774647887324,0.6727272727272727,0.7971014492753623,97,0.622964509394572,22,1,5
48,Samsung Galaxy S21,0,0.19014084507042256,0.23636363636363636,0.21813452248234855,25,0.09227557411273488,27,1,2
49,Google Pixel 5,0,0.9683098591549295,0.6545454545454544,0.8625046451133408,90,0.9018789144050104,49,0,5
50,OnePlus 9,0,0.9841549295774648,0.7,0.904496469713861,82,0.791231732776618,49,0,5
51,Xiaomi Mi 11,0,0.7429577464788732,0.5818181818181818,0.6978818283166109,61,0.5490605427974948,54,1,4
52,Xiaomi Mi 11,0,0.37852112676056343,0.44545454545454544,0.34968413229282796,52,0.32693110647181634,29,0,3
53,Samsung Galaxy S21,0,0.16725352112676056,0.15454545454545457,0.1441843180973616,28,0.12150313152400838,27,1,2
54,Xiaomi Mi 11,0,0.11795774647887323,0.1090909090909091,0.2969156447417317,38,0.1139874739039666,53,0,2
55,Google Pixel 5,0,0.8556338028169014,0.7,0.9494611668524712,83,0.8713987473903967,53,1,5
56,iPhone 12,1,0.06690140845070423,0.054545454545454564,0.054998141954663696,14,0.0037578288100208815,30,0,1
57,OnePlus 9,0,0.05985915492957747,0.009090909090909094,0.10033444816053512,10,0.024634655532359086,42,1,1
58,OnePlus 9,0,0.8961267605633803,0.6727272727272727,0.9267930137495356,89,0.9657620041753655,26,0,5
59,Xiaomi Mi 11,0,0.7007042253521126,0.5454545454545454,0.7447045707915273,75,0.4350730688935282,22,0,4
60,iPhone 12,1,0.5193661971830985,0.5545454545454545,0.7309550353028614,64,0.3970772442588727,56,0,4
61,Xiaomi Mi 11,0,0.8661971830985915,0.9909090909090909,0.927536231884058,85,0.6517745302713988,28,1,5
62,Xiaomi Mi 11,0,0.49119718309859156,0.5909090909090909,0.73950204384987,77,0.4805845511482255,57,1,4
63,Xiaomi Mi 11,0,0.08626760563380283,0.08181818181818182,0.07097733184689707,14,0.01085594989561587,55,0,1
64,Xiaomi Mi 11,0,0.9066901408450704,0.9545454545454545,0.9695280564845782,87,0.6743215031315241,21,1,5
65,Samsung Galaxy S21,0,0.755281690140845,0.5454545454545454,0.6243032329988852,67,0.4129436325678497,43,0,4
66,iPhone 12,1,0.3433098591549296,0.2727272727272727,0.4154589371980676,48,0.3402922755741128,56,0,3
67,iPhone 12,1,0.3996478873239437,0.31818181818181823,0.5213675213675214,57,0.33820459290187893,55,0,3
68,Xiaomi Mi 11,0,0.1830985915492958,0.2727272727272727,0.1750278706800446,35,0.14488517745302715,28,1,2
69,iPhone 12,1,0.8556338028169014,0.8363636363636363,0.9773318468970643,98,0.6033402922755742,31,0,5
70,Google Pixel 5,0,0.09154929577464789,0.06363636363636363,0.09513192121887774,16,0.07599164926931107,29,1,1
71,Samsung Galaxy S21,0,0.7429577464788732,0.5636363636363636,0.5596432552954292,64,0.41252609603340296,45,1,4
72,iPhone 12,1,0.8644366197183099,0.7272727272727273,0.966183574879227,97,0.6676409185803758,37,0,5
73,Google Pixel 5,0,0.7517605633802816,0.4818181818181818,0.7599405425492383,66,0.40918580375782887,22,0,4
74,Xiaomi Mi 11,0,0.0017605633802816947,0.009090909090909094,0.10516536603493125,11,0.044258872651356994,50,1,1
75,iPhone 12,1,0.029929577464788734,0.09090909090909091,0.06465997770345598,14,0.00960334029227558,39,0,1
76,Xiaomi Mi 11,0,0.35035211267605637,0.42727272727272725,0.3727238944630249,43,0.36868475991649274,23,1,3
77,Xiaomi Mi 11,0,0.007042253521126765,0.09090909090909091,0.09513192121887774,14,0.008350730688935284,54,1,1
78,Google Pixel 5,0,0.2517605633802817,0.13636363636363638,0.1397250092902267,29,0.08308977035490606,30,1,2
79,Samsung Galaxy S21,0,0.08450704225352114,0.07272727272727272,0.01151988108509848,17,0.015031315240083512,51,1,1
80,Google Pixel 5,0,0.35211267605633806,0.42727272727272725,0.3537718320327016,52,0.3703549060542798,34,1,3
81,OnePlus 9,0,0.9419014084507042,0.8727272727272727,0.8075065031586771,99,0.626722338204593,51,1,5
82,iPhone 12,1,0.25,0.1636363636363636,0.2723894463024898,22,0.18663883089770356,41,0,2
83,Xiaomi Mi 11,0,0.528169014084507,0.5636363636363636,0.7658862876254181,77,0.43048016701461383,21,1,4
84,Xiaomi Mi 11,0,0.015845070422535218,0.07272727272727272,0.024526198439241934,11,0.0012526096033402961,19,0,1
85,Google Pixel 5,0,0.33978873239436624,0.31818181818181823,0.3749535488665923,56,0.24759916492693113,33,1,3
86,Google Pixel 5,0,0.6584507042253521,0.5818181818181818,0.6610925306577481,63,0.5219206680584552,44,0,4
87,Samsung Galaxy S21,0,0.2130281690140845,0.12727272727272726,0.26049795615013005,25,0.12108559498956159,39,0,2
88,Samsung Galaxy S21,0,0.007042253521126765,0.04545454545454544,0.01597918989223339,11,0.07265135699373695,44,0,1
89,Xiaomi Mi 11,0,0.18838028169014087,0.20909090909090908,0.19955406911928653,31,0.10271398747390398,34,1,2
90,Samsung Galaxy S21,0,0.47711267605633806,0.4727272727272728,0.6506874767744333,75,0.5014613778705637,45,0,4
91,Google Pixel 5,0,0.15140845070422537,0.1,0.22668153102935712,39,0.08559498956158665,40,1,2
92,Google Pixel 5,0,0.4595070422535212,0.28181818181818175,0.4355258268301747,46,0.302713987473904,32,1,3
93,iPhone 12,1,0.09507042253521127,0.03636363636363635,0.07395020438498699,16,0.07599164926931107,56,1,1
94,iPhone 12,1,0.1830985915492958,0.13636363636363638,0.3058342623560015,24,0.11064718162839249,35,0,2
95,Samsung Galaxy S21,0,0.6707746478873239,0.5909090909090909,0.6937941285767373,72,0.40960334029227563,58,0,4
96,Xiaomi Mi 11,0,0.5211267605633803,0.5636363636363636,0.7212931995540691,73,0.5645093945720251,50,0,4
97,iPhone 12,1,0.9154929577464789,0.7727272727272727,0.9713861018208844,91,0.769937369519833,20,0,5
98,OnePlus 9,0,0.8556338028169014,0.9999999999999999,0.7818654775176515,82,0.7791231732776619,28,1,5
99,Google Pixel 5,0,0.051056338028169015,0.018181818181818174,0.02192493496841323,18,0.07974947807933194,25,1,1
100,OnePlus 9,0,0.3433098591549296,0.40909090909090906,0.4548494983277592,44,0.32275574112734867,50,1,3
101,Google Pixel 5,0,0.019366197183098594,0.009090909090909094,0.032329988851727984,15,0.014196242171189984,53,0,1
102,OnePlus 9,0,0.2693661971830986,0.28181818181818175,0.337421033073207,45,0.265553235908142,19,0,3
103,Google Pixel 5,0,0.2535211267605634,0.13636363636363638,0.2329988851727982,37,0.19331941544885178,32,1,2
104,Xiaomi Mi 11,0,0.42957746478873243,0.2909090909090909,0.5496098104793757,52,0.3473903966597078,28,0,3
105,Xiaomi Mi 11,0,0.23943661971830987,0.1636363636363636,0.3013749535488666,28,0.10772442588726516,25,0,2
106,Xiaomi Mi 11,0,0.06338028169014084,0.018181818181818174,0.10516536603493125,12,0.0676409185803758,36,0,1
107,Google Pixel 5,0,0.21478873239436624,0.15454545454545457,0.126347082868822,38,0.20626304801670148,55,0,2
108,Google Pixel 5,0,0.04225352112676056,0.03636363636363635,0.03753251579338536,17,0.07348643006263048,23,1,1
109,Xiaomi Mi 11,0,0.2764084507042254,0.40909090909090906,0.5395763656633222,55,0.25427974947807935,50,1,3
110,OnePlus 9,0,0.3274647887323944,0.4545454545454545,0.4975845410628019,41,0.3286012526096034,39,1,3
111,OnePlus 9,0,0.11443661971830986,0.2545454545454545,0.15458937198067635,26,0.1490605427974948,41,1,2
112,Xiaomi Mi 11,0,0.806338028169014,0.6909090909090909,0.7971014492753623,84,0.9361169102296452,19,0,5
113,Google Pixel 5,0,0.46654929577464793,0.3727272727272727,0.4388703084355259,45,0.2697286012526096,27,1,3
114,Samsung Galaxy S21,0,0.18661971830985918,0.20000000000000004,0.19175027870680045,33,0.12609603340292277,42,0,2
115,Xiaomi Mi 11,0,0.7764084507042254,0.6272727272727273,0.6889632107023411,76,0.5102296450939457,54,1,4
116,iPhone 12,1,0.1602112676056338,0.20000000000000004,0.12969156447417318,34,0.20626304801670148,39,0,2
117,iPhone 12,1,0.07922535211267605,0.018181818181818174,0.039762170196952815,13,0.07473903966597079,18,0,1
118,iPhone 12,1,0.3345070422535211,0.38181818181818183,0.49386845039018956,49,0.33695198329853865,27,1,3
119,Samsung Galaxy S21,0,0.09154929577464789,0.054545454545454564,0.10702341137123746,13,0.009185803757828813,28,1,1
120,Google Pixel 5,0,0.11795774647887323,0.15454545454545457,0.2660720921590487,37,0.13611691022964512,41,0,2
121,Samsung Galaxy S21,0,0.630281690140845,0.509090909090909,0.6625789669267931,71,0.4375782881002088,45,1,4
122,OnePlus 9,0,0.8785211267605634,0.7,0.8108509847640283,89,0.8713987473903967,39,1,5
123,Google Pixel 5,0,0.9753521126760563,0.8181818181818182,0.832032701597919,99,0.955741127348643,49,1,5
124,Google Pixel 5,0,0.8785211267605634,0.6454545454545454,0.885916016350799,96,0.7607515657620042,35,0,5
125,Google Pixel 5,0,0.346830985915493,0.3727272727272727,0.5202526941657376,57,0.25553235908141964,21,0,3
126,Samsung Galaxy S21,0,0.8890845070422535,0.9818181818181818,0.9498327759197324,99,0.9503131524008351,50,0,5
127,iPhone 12,1,0.5316901408450704,0.5818181818181818,0.6863619472315124,68,0.5089770354906055,20,1,4
128,Google Pixel 5,0,0.39084507042253525,0.2909090909090909,0.42251950947603123,45,0.2359081419624217,50,1,3
129,Xiaomi Mi 11,0,0.16725352112676056,0.13636363636363638,0.1397250092902267,34,0.15156576200417538,31,0,2
130,Xiaomi Mi 11,0,0.11795774647887323,0.20909090909090908,0.16685247120029728,39,0.1294363256784969,36,1,2
131,Google Pixel 5,0,0.897887323943662,0.890909090909091,0.9739873652917131,90,0.7448851774530272,40,0,5
132,Xiaomi Mi 11,0,0.5105633802816901,0.5636363636363636,0.6518023039762171,69,0.46931106471816286,52,1,4
133,Google Pixel 5,0,0.2570422535211268,0.23636363636363636,0.3311036789297659,30,0.14864300626304802,40,1,2
134,Samsung Galaxy S21,0,0.08626760563380283,0.0,0.0040876997398736625,18,0.015448851774530273,42,0,1
135,Xiaomi Mi 11,0,0.09330985915492958,0.054545454545454564,0.0003716090672612471,19,0.07640918580375783,51,0,1
136,iPhone 12,1,0.9242957746478873,0.9363636363636364,0.8272017837235228,90,0.7323590814196242,55,1,5
137,Samsung Galaxy S21,0,0.06338028169014084,0.06363636363636363,0.027127461910070608,16,0.04759916492693111,39,0,1
138,Xiaomi Mi 11,0,0.3644366197183099,0.31818181818181823,0.3961352657004831,42,0.31983298538622135,24,1,3
139,Samsung Galaxy S21,0,0.8221830985915493,0.7909090909090908,0.9565217391304347,94,0.8242171189979124,18,0,5
140,Google Pixel 5,0,0.8556338028169014,0.9181818181818181,0.79041248606466,91,0.7073068893528184,53,0,5
141,Xiaomi Mi 11,0,0.33274647887323944,0.38181818181818183,0.4489037532515794,42,0.23089770354906058,50,1,3
142,Google Pixel 5,0,0.7359154929577465,0.4818181818181818,0.6473429951690821,71,0.5156576200417536,51,0,4
143,iPhone 12,1,0.221830985915493,0.1090909090909091,0.22073578595317728,37,0.13653444676409188,57,1,2
144,Samsung Galaxy S21,0,0.06690140845070423,0.009090909090909094,0.08398364920104053,12,0.041336116910229655,29,0,1
145,iPhone 12,1,0.8697183098591549,0.9272727272727271,0.7859531772575251,90,0.8212943632567851,29,1,5
146,iPhone 12,1,0.27816901408450706,0.3909090909090909,0.36380527684875513,45,0.3640918580375783,35,0,3
147,Samsung Galaxy S21,0,0.727112676056338,0.5818181818181818,0.7383872166480863,73,0.38580375782881005,33,0,4
148,Xiaomi Mi 11,0,0.03873239436619719,0.054545454545454564,0.030843552582683023,19,0.05511482254697287,24,0,1
149,OnePlus 9,0,0.3485915492957747,0.2909090909090909,0.5109624674842066,58,0.30104384133611695,56,0,3
150,Google Pixel 5,0,0.20950704225352113,0.24545454545454545,0.2121887774061687,34,0.1490605427974948,51,0,2
151,iPhone 12,1,0.8679577464788732,0.7636363636363637,0.8476402824228911,92,0.6000000000000001,21,0,5
152,Samsung Galaxy S21,0,0.02112676056338028,0.054545454545454564,0.004830917874396143,19,0.04384133611691023,52,1,1
153,Google Pixel 5,0,0.15845070422535212,0.09090909090909091,0.16313638052768487,38,0.12275574112734866,56,1,2
154,OnePlus 9,0,0.5264084507042254,0.5909090909090909,0.7339279078409513,72,0.45219206680584556,27,1,4
155,Xiaomi Mi 11,0,0.06690140845070423,0.04545454545454544,0.023039762170196973,10,0.0,31,1,1
156,Xiaomi Mi 11,0,0.22535211267605637,0.21818181818181817,0.21962095875139354,36,0.1632567849686848,32,0,2
157,Xiaomi Mi 11,0,0.09859154929577464,0.06363636363636363,0.05091044221479006,19,0.014196242171189984,54,0,1
158,Xiaomi Mi 11,0,0.5440140845070423,0.6181818181818182,0.6688963210702341,71,0.40083507306889354,51,0,4
159,Samsung Galaxy S21,0,0.4823943661971832,0.5,0.770345596432553,79,0.5807933194154489,51,0,4
160,Xiaomi Mi 11,0,0.1778169014084507,0.12727272727272726,0.20698625046451136,26,0.08475991649269313,40,0,2
161,Samsung Galaxy S21,0,0.05985915492957747,0.054545454545454564,0.0884429580081754,19,0.06680584551148225,35,1,1
162,Xiaomi Mi 11,0,0.040492957746478875,0.08181818181818182,0.08324043106651803,15,0.004175365344467642,42,0,1
163,Google Pixel 5,0,0.7253521126760563,0.6090909090909091,0.6558900037160906,69,0.5586638830897704,45,0,4
164,iPhone 12,1,0.0035211267605633825,0.09090909090909091,0.06205871423262728,18,0.015448851774530273,22,0,1
165,Xiaomi Mi 11,0,0.4366197183098592,0.34545454545454546,0.34782608695652173,48,0.31273486430062636,43,1,3
166,Xiaomi Mi 11,0,0.897887323943662,0.6727272727272727,1.0000000000000002,98,0.6004175365344468,49,1,5
167,Google Pixel 5,0,0.994718309859155,0.9363636363636364,0.990709773318469,88,0.945302713987474,30,0,5
168,Google Pixel 5,0,0.008802816901408453,0.04545454545454544,0.06131549609810481,10,0.02338204592901879,58,0,1
169,Google Pixel 5,0,0.3433098591549296,0.4,0.39687848383500557,44,0.2876826722338205,55,1,3
170,Google Pixel 5,0,0.9806338028169015,0.9818181818181818,0.7911557041991825,90,0.7482254697286013,47,0,5
171,Xiaomi Mi 11,0,0.1091549295774648,0.24545454545454545,0.3054626532887402,27,0.17620041753653445,44,0,2
172,Google Pixel 5,0,0.028169014084507046,0.009090909090909094,0.06874767744332962,17,0.044258872651356994,23,0,1
173,OnePlus 9,0,0.21654929577464793,0.1636363636363636,0.23522853957636564,25,0.19874739039665973,37,1,2
174,iPhone 12,1,0.5950704225352113,0.509090909090909,0.5629877369007804,72,0.5444676409185805,27,1,4
175,Xiaomi Mi 11,0,0.0369718309859155,0.054545454545454564,0.07692307692307694,11,0.00459290187891441,29,1,1
176,Google Pixel 5,0,0.43838028169014087,0.38181818181818183,0.5046451133407656,47,0.2200417536534447,50,1,3
177,Xiaomi Mi 11,0,0.3961267605633803,0.4,0.5336306205871423,42,0.30229645093945723,21,0,3
178,Samsung Galaxy S21,0,0.2869718309859155,0.42727272727272725,0.4344109996283909,51,0.3632567849686848,31,1,3
179,Xiaomi Mi 11,0,0.3116197183098592,0.42727272727272725,0.47565960609438873,52,0.24634655532359084,38,0,3
180,iPhone 12,1,0.8961267605633803,0.9909090909090909,0.9479747305834262,83,0.7954070981210857,55,0,5
181,OnePlus 9,0,0.2130281690140845,0.12727272727272726,0.3054626532887402,38,0.19582463465553238,33,0,2
182,Google Pixel 5,0,0.7816901408450704,0.49090909090909096,0.6714975845410628,68,0.40793319415448853,24,0,4
183,iPhone 12,1,0.9049295774647887,0.7454545454545454,0.9788182831661093,83,0.9661795407098123,47,1,5
184,iPhone 12,1,0.07570422535211267,0.018181818181818174,0.002229654403567455,15,0.0722338204592902,39,1,1
185,Xiaomi Mi 11,0,0.9982394366197183,0.8545454545454546,0.9966555183946489,91,0.6104384133611691,34,1,5
186,Google Pixel 5,0,0.823943661971831,0.8818181818181817,0.9052396878483836,94,0.7903966597077244,42,0,5
187,iPhone 12,1,0.6549295774647887,0.6181818181818182,0.6361947231512449,79,0.41169102296450943,34,1,4
188,OnePlus 9,0,0.07922535211267605,0.009090909090909094,0.02861389817911557,15,0.03465553235908143,37,0,1
189,iPhone 12,1,0.176056338028169,0.09090909090909091,0.11148272017837237,21,0.20334029227557412,30,1,2
190,Samsung Galaxy S21,0,0.02112676056338028,0.009090909090909094,0.03716090672612411,11,0.06805845511482256,32,1,1
191,iPhone 12,1,0.1830985915492958,0.1090909090909091,0.2285395763656633,23,0.13402922755741128,23,0,2
192,Google Pixel 5,0,0.08626760563380283,0.08181818181818182,0.0650315867707172,13,0.024634655532359086,24,0,1
193,iPhone 12,1,0.7077464788732394,0.5636363636363636,0.5648457822370866,63,0.4279749478079332,59,1,4
194,iPhone 12,1,0.4084507042253521,0.28181818181818175,0.36603493125232256,52,0.3736951983298539,36,0,3
195,Samsung Galaxy S21,0,0.7799295774647887,0.49090909090909096,0.6714975845410628,79,0.5002087682672234,23,1,4
196,Google Pixel 5,0,0.30281690140845074,0.3363636363636364,0.4496469713861019,49,0.23256784968684763,45,1,3
197,OnePlus 9,0,0.3257042253521127,0.3090909090909091,0.41062801932367154,41,0.3711899791231733,47,0,3
198,OnePlus 9,0,0.2130281690140845,0.24545454545454545,0.3024897807506503,32,0.0910229645093946,41,1,2
199,OnePlus 9,0,0.08802816901408451,0.054545454545454564,0.09178743961352658,14,0.0396659707724426,19,0,1
200,Xiaomi Mi 11,0,0.16901408450704225,0.1636363636363636,0.24860646599777037,32,0.1373695198329854,35,1,2
201,Samsung Galaxy S21,0,0.8186619718309859,0.7181818181818183,0.9728725380899294,84,0.8977035490605428,31,1,5
202,iPhone 12,1,0.17077464788732394,0.24545454545454545,0.3162393162393162,35,0.088517745302714,37,1,2
203,Xiaomi Mi 11,0,0.10211267605633804,0.027272727272727282,0.009290226681531039,11,0.06680584551148225,22,0,1
204,Google Pixel 5,0,0.06866197183098592,0.054545454545454564,0.059829059829059825,16,0.018371607515657626,27,0,1
205,OnePlus 9,0,0.12323943661971833,0.20909090909090908,0.24489037532515795,21,0.13820459290187892,25,0,2
206,Xiaomi Mi 11,0,0.47711267605633806,0.5,0.6622073578595318,71,0.5507306889352819,29,0,4
207,Google Pixel 5,0,0.08450704225352114,0.06363636363636363,0.0568561872909699,15,0.04384133611691023,37,1,1
208,Google Pixel 5,0,0.2341549295774648,0.19090909090909094,0.1181716833890747,21,0.13235908141962424,23,0,2
209,OnePlus 9,0,0.8961267605633803,0.7545454545454546,0.8561872909698997,92,0.7883089770354906,41,0,5
210,Google Pixel 5,0,0.4366197183098592,0.32727272727272727,0.4024526198439242,47,0.30104384133611695,40,1,3
211,Samsung Galaxy S21,0,0.7411971830985915,0.4636363636363636,0.6711259754738016,76,0.5561586638830898,25,1,4
212,Samsung Galaxy S21,0,0.7940140845070423,0.9,0.910442214790041,86,0.7995824634655533,18,0,5
213,Samsung Galaxy S21,0,0.18133802816901406,0.21818181818181817,0.15310293571163136,38,0.1432150313152401,25,0,2
214,Xiaomi Mi 11,0,0.019366197183098594,0.009090909090909094,0.10628019323671499,10,0.06012526096033404,22,0,1
215,iPhone 12,1,0.21478873239436624,0.20909090909090908,0.32441471571906355,29,0.14989561586638833,42,1,2
216,OnePlus 9,0,0.9207746478873239,0.6727272727272727,0.8387216648086213,89,0.9891440501043841,51,0,5
217,iPhone 12,1,0.6549295774647887,0.5363636363636364,0.7357859531772576,78,0.5407098121085595,40,0,4
218,OnePlus 9,0,0.9242957746478873,0.7727272727272727,0.9487179487179488,95,0.6108559498956159,24,0,5
219,iPhone 12,1,0.8257042253521126,0.7818181818181817,0.9554069119286511,81,0.7110647181628393,52,1,5
220,Xiaomi Mi 11,0,0.125,0.20000000000000004,0.11185432924563361,28,0.1315240083507307,43,0,2
221,OnePlus 9,0,0.7095070422535211,0.5272727272727272,0.6655518394648829,75,0.5002087682672234,32,0,4
222,OnePlus 9,0,0.18133802816901406,0.09090909090909091,0.26198439241917504,31,0.1315240083507307,32,0,2
223,Xiaomi Mi 11,0,0.5651408450704225,0.4636363636363636,0.6090672612411743,79,0.4960334029227558,21,1,4
224,Samsung Galaxy S21,0,0.8838028169014084,0.8818181818181817,0.8376068376068376,83,0.8542797494780794,53,1,5
225,OnePlus 9,0,0.1091549295774648,0.13636363636363638,0.1441843180973616,31,0.19248434237995826,27,0,2
226,Xiaomi Mi 11,0,0.8468309859154929,0.890909090909091,0.8955778520995913,97,0.975365344467641,59,1,5
227,Xiaomi Mi 11,0,0.6232394366197183,0.5454545454545454,0.6997398736529171,72,0.5319415448851775,59,0,4
228,iPhone 12,1,0.2869718309859155,0.38181818181818183,0.37755481233742105,49,0.2187891440501044,32,1,3
229,Samsung Galaxy S21,0,0.17957746478873238,0.2545454545454545,0.1289483463396507,25,0.11106471816283928,41,0,2
230,Samsung Galaxy S21,0,0.5809859154929577,0.5727272727272728,0.6109253065774805,79,0.4434237995824635,50,0,4
231,iPhone 12,1,0.22711267605633806,0.11818181818181817,0.2902266815310294,32,0.177035490605428,38,0,2
232,iPhone 12,1,0.8186619718309859,0.7181818181818183,0.9487179487179488,91,0.8551148225469729,31,0,5
233,Xiaomi Mi 11,0,0.8926056338028169,0.8181818181818182,0.8985507246376813,83,0.6935281837160752,35,0,5
234,OnePlus 9,0,0.1742957746478873,0.21818181818181817,0.28130806391675955,27,0.19958246346555325,36,1,2
235,iPhone 12,1,0.17957746478873238,0.2545454545454545,0.12411742846525457,28,0.17828810020876829,53,0,2
236,Xiaomi Mi 11,0,0.012323943661971828,0.03636363636363635,0.024897807506503153,18,0.08058455114822546,19,1,1
237,Samsung Galaxy S21,0,0.8697183098591549,0.7181818181818183,0.835005574136009,88,0.679749478079332,20,1,5
238,OnePlus 9,0,0.6954225352112676,0.5363636363636364,0.6837606837606838,66,0.4292275574112735,19,1,4
239,OnePlus 9,0,0.05985915492957747,0.06363636363636363,0.10516536603493125,13,0.0020876826722338246,53,0,1
240,iPhone 12,1,0.9559859154929577,0.890909090909091,0.8952062430323301,96,0.8417536534446765,33,1,5
241,Google Pixel 5,0,0.02640845070422536,0.06363636363636363,0.0,16,0.037160751565762005,57,1,1
242,Xiaomi Mi 11,0,0.9401408450704225,0.9727272727272726,0.9149015235971757,81,0.848016701461378,37,1,5
243,OnePlus 9,0,0.23239436619718312,0.22727272727272727,0.1705685618729097,36,0.09853862212943634,51,0,2
244,Samsung Galaxy S21,0,0.7411971830985915,0.5,0.7714604236343366,69,0.5173277661795408,44,0,4
245,OnePlus 9,0,0.0,0.027272727272727282,0.0657748049052397,16,0.06304801670146137,35,0,1
246,Samsung Galaxy S21,0,0.30281690140845074,0.36363636363636365,0.46079524340393907,45,0.309812108559499,29,0,3
247,Google Pixel 5,0,0.0721830985915493,0.04545454545454544,0.10702341137123746,17,0.06471816283924844,33,0,1
248,Google Pixel 5,0,0.5,0.4727272727272728,0.707172054998142,63,0.40250521920668064,19,0,4
249,Xiaomi Mi 11,0,0.24295774647887325,0.2727272727272727,0.20958751393534003,22,0.2,50,1,2
250,Google Pixel 5,0,0.07922535211267605,0.08181818181818182,0.0873281308063917,13,0.053444676409185814,58,1,1
251,OnePlus 9,0,0.02112676056338028,0.03636363636363635,0.008175399479747311,13,0.07098121085594991,29,1,1
252,OnePlus 9,0,0.7235915492957746,0.6272727272727273,0.7543664065403196,78,0.5741127348643007,23,1,4
253,Google Pixel 5,0,0.8679577464788732,0.8636363636363636,0.8019323671497585,99,0.7035490605427975,22,0,5
254,Xiaomi Mi 11,0,0.12323943661971833,0.12727272727272726,0.25269416573764397,31,0.15699373695198332,48,1,2
255,OnePlus 9,0,0.03873239436619719,0.018181818181818174,0.03567447045707915,14,0.029227557411273496,24,1,1
256,OnePlus 9,0,0.6461267605633803,0.5454545454545454,0.7617985878855444,77,0.4171189979123174,46,1,4
257,Xiaomi Mi 11,0,0.6936619718309859,0.6090909090909091,0.5800817539947974,65,0.42338204592901885,52,0,4
258,Xiaomi Mi 11,0,0.42605633802816906,0.36363636363636365,0.5027870680044593,45,0.24384133611691028,19,1,3
259,Xiaomi Mi 11,0,0.30105633802816906,0.2727272727272727,0.5533259011519881,50,0.33903966597077245,18,0,3
260,Xiaomi Mi 11,0,0.9507042253521127,0.7272727272727273,0.8587885544407283,98,1.0,49,1,5
261,Xiaomi Mi 11,0,0.05985915492957747,0.027272727272727282,0.06986250464511336,14,0.02045929018789145,43,1,1
262,iPhone 12,1,0.5352112676056338,0.509090909090909,0.7774061687105166,68,0.4697286012526096,46,1,4
263,iPhone 12,1,0.8591549295774648,0.7818181818181817,0.9855072463768116,93,0.8446764091858038,34,1,5
264,Samsung Galaxy S21,0,0.07042253521126761,0.06363636363636363,0.021181716833890765,10,0.002922755741127353,57,0,1
265,iPhone 12,1,0.5352112676056338,0.5272727272727272,0.6309921962095876,77,0.40793319415448853,40,1,4
266,Xiaomi Mi 11,0,0.9383802816901409,0.6727272727272727,0.9464882943143812,85,0.5870563674321504,25,0,5
267,iPhone 12,1,0.26584507042253525,0.28181818181818175,0.48532144184318093,43,0.2713987473903967,22,1,3
268,OnePlus 9,0,0.9753521126760563,0.7636363636363637,0.9156447417316983,84,0.8555323590814197,32,0,5
269,Samsung Galaxy S21,0,0.31338028169014087,0.3363636363636364,0.4979561501300632,45,0.31691022964509397,55,0,3
270,Samsung Galaxy S21,0,0.6179577464788732,0.509090909090909,0.6904496469713861,69,0.562839248434238,20,0,4
271,Xiaomi Mi 11,0,0.6971830985915493,0.5,0.6194723151244891,78,0.4860125260960334,53,1,4
272,OnePlus 9,0,0.4471830985915493,0.2909090909090909,0.3931623931623932,56,0.3281837160751566,51,0,3
273,Google Pixel 5,0,0.13204225352112675,0.1090909090909091,0.2601263470828688,29,0.14655532359081422,31,1,2
274,Google Pixel 5,0,0.26232394366197187,0.11818181818181817,0.2645856558900037,32,0.20292275574112736,38,0,2
275,iPhone 12,1,0.1619718309859155,0.14545454545454548,0.12523225566703827,37,0.1945720250521921,35,0,2
276,OnePlus 9,0,0.829225352112676,0.9909090909090909,0.8918617614269789,88,0.6830897703549061,49,0,5
277,Xiaomi Mi 11,0,0.420774647887324,0.44545454545454544,0.5068747677443329,42,0.2200417536534447,32,1,3
278,Google Pixel 5,0,0.35211267605633806,0.3090909090909091,0.48494983277591974,52,0.32400835073068895,54,0,3
279,Xiaomi Mi 11,0,0.09683098591549295,0.054545454545454564,0.042735042735042736,12,0.008350730688935284,47,0,1
280,Samsung Galaxy S21,0,0.6707746478873239,0.6181818181818182,0.6417688591601636,75,0.4317327766179541,33,1,4
281,Samsung Galaxy S21,0,0.07570422535211267,0.06363636363636363,0.03753251579338536,12,0.025469728601252607,51,0,1
282,Xiaomi Mi 11,0,0.015845070422535218,0.06363636363636363,0.08472686733556299,11,0.06931106471816284,26,1,1
283,iPhone 12,1,0.6267605633802816,0.6090909090909091,0.673355629877369,72,0.46221294363256793,51,0,4
284,Google Pixel 5,0,0.03345070422535211,0.027272727272727282,0.0891861761426979,16,0.0279749478079332,54,1,1
285,Google Pixel 5,0,0.6707746478873239,0.5363636363636364,0.5641025641025641,70,0.3849686847599165,43,0,4
286,OnePlus 9,0,0.8873239436619718,0.890909090909091,0.9301374953548868,90,0.5995824634655533,37,0,5
287,Samsung Galaxy S21,0,0.5,0.5818181818181818,0.6815310293571163,64,0.5319415448851775,47,1,4
288,Xiaomi Mi 11,0,0.31866197183098594,0.2727272727272727,0.45224823485693055,54,0.29603340292275576,29,1,3
289,OnePlus 9,0,0.1602112676056338,0.24545454545454545,0.11780007432181346,36,0.1549060542797495,47,0,2
290,Google Pixel 5,0,0.09507042253521127,0.018181818181818174,0.04199182460052027,10,0.018371607515657626,50,0,1
291,OnePlus 9,0,0.7359154929577465,0.6,0.7049424005945745,66,0.3945720250521921,28,0,4
292,Google Pixel 5,0,0.04401408450704225,0.054545454545454564,0.021553325901151985,19,0.019624217118997915,30,0,1
293,Google Pixel 5,0,0.051056338028169015,0.07272727272727272,0.07246376811594203,10,0.044258872651356994,36,1,1
294,Xiaomi Mi 11,0,0.3450704225352113,0.31818181818181823,0.5496098104793757,45,0.22839248434237996,27,1,3
295,Samsung Galaxy S21,0,0.9683098591549295,0.6818181818181818,0.8762541806020067,87,0.7068893528183716,52,0,5
296,OnePlus 9,0,0.061619718309859156,0.07272727272727272,0.06651802303976219,18,0.011691022964509398,41,0,1
297,OnePlus 9,0,0.7535211267605634,0.509090909090909,0.7105165366034931,67,0.4430062630480167,31,1,4
298,iPhone 12,1,0.24647887323943662,0.15454545454545457,0.1869193608324043,26,0.10104384133611694,53,1,2
299,iPhone 12,1,0.4119718309859155,0.38181818181818183,0.4975845410628019,44,0.28225469728601255,44,0,3
300,Xiaomi Mi 11,0,0.1619718309859155,0.20909090909090908,0.16573764399851354,35,0.16576200417536535,59,1,2
301,Xiaomi Mi 11,0,0.6866197183098591,0.5,0.6729840208101078,65,0.5060542797494781,35,0,4
302,iPhone 12,1,0.41725352112676056,0.3090909090909091,0.4470457079152731,59,0.36283924843423804,38,1,3
303,iPhone 12,1,0.772887323943662,0.4545454545454545,0.7387588257153475,67,0.4108559498956159,34,1,4
304,iPhone 12,1,0.8996478873239436,0.9454545454545454,0.7956150130063173,89,0.7603340292275574,34,1,5
305,iPhone 12,1,0.2200704225352113,0.1727272727272727,0.30286138981791155,22,0.09185803757828812,19,1,2
306,OnePlus 9,0,0.13380281690140844,0.1636363636363636,0.1426978818283166,32,0.20542797494780796,27,0,2
307,OnePlus 9,0,0.375,0.36363636363636365,0.3455964325529543,47,0.3235908141962422,43,0,3
308,OnePlus 9,0,0.6690140845070423,0.5909090909090909,0.696395392047566,68,0.463883089770355,45,1,4
309,iPhone 12,1,0.44894366197183105,0.3727272727272727,0.3433667781493868,57,0.23549060542797495,20,1,3
310,OnePlus 9,0,0.6461267605633803,0.5272727272727272,0.6410256410256411,66,0.4446764091858038,40,0,4
311,Samsung Galaxy S21,0,0.35211267605633806,0.2909090909090909,0.4477889260497956,51,0.31983298538622135,25,1,3
312,iPhone 12,1,0.5475352112676056,0.5636363636363636,0.7785209959123003,68,0.3979123173277662,32,1,4
313,Google Pixel 5,0,0.17957746478873238,0.1727272727272727,0.2794500185804534,32,0.19248434237995826,20,0,2
314,Xiaomi Mi 11,0,0.176056338028169,0.1818181818181818,0.19249349684132294,21,0.08601252609603341,49,1,2
315,iPhone 12,1,0.44190140845070425,0.3545454545454546,0.4697138610182089,59,0.22129436325678498,29,0,3
316,OnePlus 9,0,0.07746478873239436,0.09090909090909091,0.0066889632107023506,11,0.0004175365344467677,55,1,1
317,OnePlus 9,0,0.4735915492957747,0.30000000000000004,0.5332590115198811,43,0.3553235908141963,42,1,3
318,Google Pixel 5,0,0.15140845070422537,0.1090909090909091,0.19509476031215162,29,0.1386221294363257,28,1,2
319,OnePlus 9,0,0.6654929577464789,0.509090909090909,0.6406540319583798,63,0.40668058455114825,47,1,4
320,Google Pixel 5,0,0.8415492957746479,0.9363636363636364,0.8502415458937198,81,0.9933194154488519,51,0,5
321,iPhone 12,1,0.346830985915493,0.3090909090909091,0.36157562244518765,56,0.368267223382046,22,1,3
322,Google Pixel 5,0,0.42957746478873243,0.4545454545454545,0.44109996283909325,56,0.23549060542797495,57,1,3
323,Google Pixel 5,0,0.5580985915492958,0.4818181818181818,0.6313638052768488,61,0.5653444676409186,21,1,4
324,Xiaomi Mi 11,0,0.08098591549295776,0.027272727272727282,0.06986250464511336,14,0.022546972860125268,31,1,1
325,iPhone 12,1,0.7306338028169014,0.5909090909090909,0.6335934596804162,78,0.4229645093945721,23,0,4
326,OnePlus 9,0,0.30457746478873243,0.30000000000000004,0.4652545522110739,54,0.2237995824634656,25,1,3
327,Samsung Galaxy S21,0,0.2975352112676057,0.4545454545454545,0.5221107395020439,57,0.32526096033402924,55,0,3
328,OnePlus 9,0,0.03169014084507042,0.09090909090909091,0.10107766629505761,18,0.010438413361169109,24,1,1
329,OnePlus 9,0,0.10211267605633804,0.054545454545454564,0.04384986993682648,12,0.07181628392484343,31,1,1
330,iPhone 12,1,0.8996478873239436,0.6636363636363637,0.9524340393905611,89,0.7173277661795407,42,1,5
331,Google Pixel 5,0,0.3573943661971831,0.32727272727272727,0.4578223708658491,49,0.2897703549060543,21,1,3
332,iPhone 12,1,0.2570422535211268,0.2545454545454545,0.15793385358602752,36,0.10855949895615868,47,1,2
333,OnePlus 9,0,0.2834507042253521,0.4545454545454545,0.5425492382014121,45,0.33486430062630484,54,0,3
334,Google Pixel 5,0,0.7588028169014084,0.5909090909090909,0.6313638052768488,69,0.5102296450939457,34,1,4
335,Samsung Galaxy S21,0,0.012323943661971828,0.04545454545454544,0.027127461910070608,18,0.06012526096033404,46,1,1
336,OnePlus 9,0,0.8820422535211268,0.8,0.9672984020810108,99,0.6388308977035491,45,1,5
337,Samsung Galaxy S21,0,0.7799295774647887,0.6272727272727273,0.73950204384987,62,0.5720250521920669,44,0,4
338,Samsung Galaxy S21,0,0.0,0.027272727272727282,0.09624674842066148,15,0.06263048016701461,34,0,1
339,iPhone 12,1,0.48591549295774655,0.4636363636363636,0.7302118171683389,70,0.5624217118997913,46,0,4
340,iPhone 12,1,0.05985915492957747,0.018181818181818174,0.10702341137123746,13,0.022129436325678507,30,0,1
341,iPhone 12,1,0.07922535211267605,0.0,0.04942400594574507,13,0.05052192066805846,43,0,1
342,iPhone 12,1,0.9982394366197183,0.8454545454545456,0.8978075065031587,90,0.7352818371607516,26,1,5
343,iPhone 12,1,0.8785211267605634,0.8636363636363636,0.9918246005202528,87,0.6601252609603341,56,0,5
344,iPhone 12,1,0.45774647887323944,0.4545454545454545,0.4574507617985879,54,0.22672233820459292,57,1,3
345,iPhone 12,1,0.397887323943662,0.4363636363636363,0.3742103307320699,52,0.30814196242171193,43,0,3
346,iPhone 12,1,0.48943661971830993,0.6090909090909091,0.6213303604607953,73,0.5549060542797495,37,1,4
347,OnePlus 9,0,0.221830985915493,0.20909090909090908,0.26681531029357114,38,0.14405010438413363,57,1,2
348,Samsung Galaxy S21,0,0.05633802816901409,0.03636363636363635,0.0891861761426979,18,0.06847599164926932,46,0,1
349,Google Pixel 5,0,0.221830985915493,0.2545454545454545,0.20958751393534003,34,0.17035490605427978,26,0,2
350,Samsung Galaxy S21,0,0.48063380281690143,0.5818181818181818,0.7476774433296173,66,0.5365344467640919,34,0,4
351,Samsung Galaxy S21,0,0.7623239436619718,0.5363636363636364,0.6722408026755853,73,0.5682672233820459,54,0,4
352,Google Pixel 5,0,0.0528169014084507,0.04545454545454544,0.1081382385730212,14,0.07473903966597079,35,1,1
353,Google Pixel 5,0,0.3433098591549296,0.32727272727272727,0.3448532144184318,52,0.35574112734864305,20,1,3
354,Samsung Galaxy S21,0,0.6144366197183099,0.5909090909090909,0.5652173913043478,68,0.4062630480167015,53,1,4
355,OnePlus 9,0,0.040492957746478875,0.03636363636363635,0.0568561872909699,14,0.001670146137787057,54,1,1
356,Samsung Galaxy S21,0,0.0,0.08181818181818182,0.10107766629505761,19,0.07724425887265138,45,0,1
357,iPhone 12,1,0.4595070422535212,0.28181818181818175,0.380527684875511,51,0.3352818371607516,55,1,3
358,iPhone 12,1,0.806338028169014,0.7727272727272727,0.94314381270903,92,0.7866388308977036,48,1,5
359,Google Pixel 5,0,0.07746478873239436,0.09090909090909091,0.02378298030471944,13,0.06304801670146137,44,1,1
360,Samsung Galaxy S21,0,0.35211267605633806,0.32727272727272727,0.3801560758082497,55,0.31022964509394574,54,1,3
361,Samsung Galaxy S21,0,0.8573943661971831,0.9818181818181818,0.7926421404682275,86,0.8793319415448853,26,0,5
362,OnePlus 9,0,0.9278169014084506,0.8545454545454546,0.9654403567447046,97,0.6292275574112736,22,0,5
363,Xiaomi Mi 11,0,0.08450704225352114,0.04545454545454544,0.0144927536231884,11,0.06555323590814197,38,1,1
364,iPhone 12,1,0.5123239436619718,0.6272727272727273,0.6900780379041249,64,0.5832985386221294,45,0,4
365,Xiaomi Mi 11,0,0.9665492957746478,0.6909090909090909,0.8312894834633965,84,0.7653444676409187,34,0,5
366,OnePlus 9,0,0.6197183098591549,0.5636363636363636,0.6179858788554441,67,0.5173277661795408,22,0,4
367,Xiaomi Mi 11,0,0.8556338028169014,0.9636363636363635,0.8034188034188035,82,0.6951983298538622,29,1,5
368,OnePlus 9,0,1.0,0.9272727272727271,0.9565217391304347,85,0.9916492693110647,58,1,5
369,OnePlus 9,0,0.1267605633802817,0.26363636363636367,0.1653660349312523,36,0.12776617954070982,49,1,2
370,iPhone 12,1,0.23767605633802819,0.12727272727272726,0.19100706057227795,35,0.16743215031315242,34,0,2
371,iPhone 12,1,0.9295774647887324,0.8,0.9152731326644371,83,0.6037578288100209,25,1,5
372,Google Pixel 5,0,0.9348591549295775,0.8727272727272727,0.8342623560014865,86,0.718580375782881,22,0,5
373,Samsung Galaxy S21,0,0.8468309859154929,0.9,0.8219992567818655,91,0.9323590814196243,59,1,5
374,Google Pixel 5,0,0.9330985915492958,0.9363636363636364,0.9829059829059829,95,0.6517745302713988,25,1,5
375,OnePlus 9,0,0.06866197183098592,0.027272727272727282,0.04905239687848385,12,0.025887265135699382,42,0,1
376,OnePlus 9,0,0.02464788732394367,0.009090909090909094,0.08509847640282424,17,0.054279749478079335,26,0,1
377,iPhone 12,1,0.061619718309859156,0.06363636363636363,0.06986250464511336,17,0.008350730688935284,51,1,1
378,Google Pixel 5,0,0.7535211267605634,0.4545454545454545,0.5845410628019324,63,0.4050104384133612,31,1,4
379,Samsung Galaxy S21,0,0.8714788732394366,0.890909090909091,0.7963582311408398,99,0.6350730688935282,57,0,5
380,OnePlus 9,0,0.13380281690140844,0.1818181818181818,0.23039762170196953,22,0.08810020876826724,51,0,2
381,iPhone 12,1,0.27816901408450706,0.32727272727272727,0.5444072835377183,47,0.23006263048016706,34,0,3
382,iPhone 12,1,0.8151408450704225,0.8545454545454546,0.7993311036789298,99,0.7144050104384134,39,0,5
383,OnePlus 9,0,0.09507042253521127,0.04545454545454544,0.02638424377554814,19,0.08225469728601253,37,1,1
384,OnePlus 9,0,0.13028169014084506,0.1727272727272727,0.13043478260869568,35,0.09185803757828812,30,0,2
385,Samsung Galaxy S21,0,0.1267605633802817,0.1818181818181818,0.2185061315496098,38,0.1862212943632568,28,0,2
386,iPhone 12,1,0.5616197183098591,0.509090909090909,0.6462281679672984,78,0.4150313152400835,40,1,4
387,OnePlus 9,0,0.11971830985915492,0.09090909090909091,0.23151244890375328,32,0.14822546972860126,28,0,2
388,Samsung Galaxy S21,0,0.07394366197183098,0.027272727272727282,0.05908584169453736,13,0.04050104384133612,32,0,1
389,Xiaomi Mi 11,0,0.9383802816901409,0.9636363636363635,0.990709773318469,92,0.8722338204592902,34,1,5
390,Xiaomi Mi 11,0,0.15669014084507044,0.1636363636363636,0.1757710888145671,31,0.08810020876826724,50,1,2
391,OnePlus 9,0,0.49471830985915494,0.6272727272727273,0.7168338907469343,69,0.38371607515657624,36,0,4
392,OnePlus 9,0,0.5404929577464789,0.4636363636363636,0.5942028985507246,76,0.5248434237995825,58,0,4
393,Samsung Galaxy S21,0,0.24295774647887325,0.22727272727272727,0.2798216276477146,29,0.08810020876826724,54,0,2
394,iPhone 12,1,0.5299295774647887,0.5818181818181818,0.6789297658862876,66,0.5665970772442589,53,0,4
395,Google Pixel 5,0,0.9841549295774648,0.7454545454545454,0.8773690078037905,84,0.6981210855949896,45,1,5
396,Xiaomi Mi 11,0,0.778169014084507,0.5272727272727272,0.738015607580825,61,0.5235908141962422,52,0,4
397,Xiaomi Mi 11,0,0.08450704225352114,0.009090909090909094,0.05016722408026757,14,0.01711899791231733,27,1,1
398,iPhone 12,1,0.8573943661971831,0.9636363636363635,0.927536231884058,90,0.865553235908142,20,0,5
399,OnePlus 9,0,0.019366197183098594,0.054545454545454564,0.007803790412486064,18,0.04968684759916494,43,1,1
400,OnePlus 9,0,0.03345070422535211,0.04545454545454544,0.09996283909327387,10,0.042171189979123176,29,0,1
401,Xiaomi Mi 11,0,0.8661971830985915,0.9181818181818181,0.9360832404310665,86,0.746972860125261,42,0,5
402,Google Pixel 5,0,0.11795774647887323,0.15454545454545457,0.11519881085098478,36,0.16951983298538625,53,0,2
403,iPhone 12,1,0.6707746478873239,0.5818181818181818,0.6161278335191379,71,0.4851774530271399,40,0,4
404,Samsung Galaxy S21,0,0.9436619718309859,0.6909090909090909,0.852099591230026,89,0.6492693110647182,51,1,5
405,iPhone 12,1,0.9313380281690141,0.6545454545454544,0.8606465997770346,84,0.8350730688935283,22,1,5
406,Google Pixel 5,0,0.7887323943661971,0.5727272727272728,0.7573392790784095,69,0.3820459290187892,43,1,4
407,Xiaomi Mi 11,0,0.20598591549295775,0.20000000000000004,0.2571534745447789,33,0.19415448851774533,25,1,2
408,OnePlus 9,0,0.6426056338028169,0.5727272727272728,0.7391304347826088,61,0.39540709812108565,55,1,4
409,Samsung Galaxy S21,0,0.5757042253521126,0.6181818181818182,0.7383872166480863,74,0.47599164926931115,22,1,4
410,Google Pixel 5,0,0.6602112676056338,0.5363636363636364,0.7670011148272018,61,0.5561586638830898,51,0,4
411,Samsung Galaxy S21,0,0.829225352112676,0.9818181818181818,0.924563359345968,86,0.8233820459290189,31,1,5
412,Xiaomi Mi 11,0,0.959507042253521,0.6545454545454544,0.972129319955407,88,0.7624217118997912,50,0,5
413,OnePlus 9,0,0.3996478873239437,0.3727272727272727,0.5165366034931252,46,0.2784968684759917,52,1,3
414,iPhone 12,1,0.4225352112676057,0.36363636363636365,0.4570791527313266,51,0.35699373695198333,35,0,3
415,Google Pixel 5,0,0.15140845070422537,0.09090909090909091,0.32292827945001856,22,0.1966597077244259,33,1,2
416,iPhone 12,1,0.11971830985915492,0.11818181818181817,0.11371237458193982,24,0.12192066805845514,56,0,2
417,Xiaomi Mi 11,0,0.4119718309859155,0.3727272727272727,0.36826458565589,52,0.26513569937369524,27,1,3
418,Samsung Galaxy S21,0,0.954225352112676,0.9727272727272726,0.8743961352657005,91,0.9933194154488519,57,1,5
419,Xiaomi Mi 11,0,0.30281690140845074,0.3545454545454546,0.46339650687476774,43,0.35991649269311066,27,1,3
420,iPhone 12,1,0.09330985915492958,0.03636363636363635,0.056484578223708656,11,0.05260960334029228,46,0,1
421,iPhone 12,1,0.0035211267605633825,0.03636363636363635,0.04236343366778149,12,0.04008350730688936,56,0,1
422,iPhone 12,1,0.24295774647887325,0.20000000000000004,0.15384615384615385,38,0.1302713987473904,43,0,2
423,iPhone 12,1,0.6795774647887324,0.4636363636363636,0.6737272389446303,71,0.3920668058455115,22,1,4
424,Xiaomi Mi 11,0,0.028169014084507046,0.009090909090909094,0.08695652173913045,18,0.027139874739039664,28,1,1
425,OnePlus 9,0,0.30105633802816906,0.36363636363636365,0.4384986993682646,59,0.25344467640918583,24,0,3
426,Samsung Galaxy S21,0,0.176056338028169,0.1636363636363636,0.2824228911185433,24,0.1991649269311065,37,0,2
427,OnePlus 9,0,0.11971830985915492,0.12727272727272726,0.1653660349312523,36,0.12567849686847601,44,1,2
428,OnePlus 9,0,0.13204225352112675,0.2545454545454545,0.24712002972872538,28,0.16158663883089772,51,0,2
429,Xiaomi Mi 11,0,0.11267605633802817,0.11818181818181817,0.2716462281679673,33,0.11148225469728604,58,0,2
430,Xiaomi Mi 11,0,0.897887323943662,0.8272727272727273,0.9123002601263471,90,0.8676409185803758,37,0,5
431,iPhone 12,1,0.4154929577464789,0.40909090909090906,0.34782608695652173,59,0.3077244258872652,22,0,3
432,iPhone 12,1,0.19366197183098594,0.2545454545454545,0.3102935711631364,36,0.1686847599164927,53,0,2
433,Google Pixel 5,0,0.8873239436619718,0.8545454545454546,0.8807134894091416,90,0.6680584551148226,51,0,5
434,OnePlus 9,0,0.028169014084507046,0.09090909090909091,0.002601263470828688,15,0.005845511482254699,42,0,1
435,iPhone 12,1,0.9700704225352113,0.6727272727272727,0.8506131549609811,99,0.9194154488517746,58,0,5
436,Xiaomi Mi 11,0,0.13204225352112675,0.21818181818181817,0.18431809736157562,21,0.15240083507306892,34,1,2
437,OnePlus 9,0,0.3362676056338028,0.3090909090909091,0.38610182088442957,46,0.3173277661795407,20,0,3
438,iPhone 12,1,0.019366197183098594,0.06363636363636363,0.03939056112969157,16,0.07891440501043842,34,0,1
439,OnePlus 9,0,0.13204225352112675,0.1818181818181818,0.15830546265328876,24,0.10062630480167017,52,1,2
440,Google Pixel 5,0,0.1637323943661972,0.26363636363636367,0.22779635823114086,39,0.15281837160751569,18,0,2
441,Google Pixel 5,0,0.40492957746478875,0.42727272727272725,0.5287997027127462,56,0.3415448851774531,36,1,3
442,Samsung Galaxy S21,0,0.33978873239436624,0.42727272727272725,0.3690078037904125,44,0.2709812108559499,39,0,3
443,Google Pixel 5,0,0.06338028169014084,0.009090909090909094,0.07543664065403195,17,0.04843423799582464,33,0,1
444,iPhone 12,1,0.35387323943661975,0.2727272727272727,0.5061315496098104,48,0.2597077244258873,29,1,3
445,iPhone 12,1,0.9242957746478873,0.7090909090909091,0.8316610925306578,97,0.9603340292275574,22,0,5
446,Samsung Galaxy S21,0,0.6126760563380281,0.5636363636363636,0.5785953177257526,61,0.5077244258872652,58,0,4
447,OnePlus 9,0,0.9084507042253521,0.7090909090909091,0.947603121516165,81,0.64258872651357,24,0,5
448,Samsung Galaxy S21,0,0.3591549295774648,0.38181818181818183,0.48383500557413606,58,0.3411273486430063,58,0,3
449,Samsung Galaxy S21,0,0.21478873239436624,0.1818181818181818,0.11705685618729099,22,0.08517745302713989,22,1,2
450,Google Pixel 5,0,0.007042253521126765,0.018181818181818174,0.08026755852842811,10,0.02839248434237996,20,1,1
451,Samsung Galaxy S21,0,0.26232394366197187,0.22727272727272727,0.3017465626161278,30,0.15198329853862214,56,0,2
452,OnePlus 9,0,0.9876760563380282,0.9818181818181818,0.9851356373095504,92,0.7519832985386222,52,0,5
453,Samsung Galaxy S21,0,0.15845070422535212,0.20909090909090908,0.1605351170568562,35,0.20083507306889356,26,0,2
454,Google Pixel 5,0,0.10211267605633804,0.027272727272727282,0.0947603121516165,13,0.025887265135699382,43,0,1
455,iPhone 12,1,0.198943661971831,0.26363636363636367,0.31884057971014496,24,0.12359081419624218,45,0,2
456,iPhone 12,1,0.07746478873239436,0.054545454545454564,0.04979561501300632,13,0.03340292275574113,27,1,1
457,iPhone 12,1,0.07746478873239436,0.054545454545454564,0.10590858416945374,15,0.0722338204592902,27,1,1
458,OnePlus 9,0,0.3591549295774648,0.3363636363636364,0.5221107395020439,55,0.32108559498956163,46,0,3
459,iPhone 12,1,0.04577464788732395,0.0,0.09104422147900411,10,0.01670146137787057,58,1,1
460,OnePlus 9,0,0.2535211267605634,0.12727272727272726,0.12523225566703827,37,0.1849686847599165,50,0,2
461,Samsung Galaxy S21,0,0.8679577464788732,0.7272727272727273,0.8896321070234113,91,0.6091858037578288,20,1,5
462,Samsung Galaxy S21,0,0.1637323943661972,0.20909090909090908,0.23634336677814938,36,0.14029227557411275,55,0,2
463,Samsung Galaxy S21,0,0.3274647887323944,0.44545454545454544,0.5525826830174656,54,0.36951983298538627,55,0,3
464,iPhone 12,1,0.45774647887323944,0.32727272727272727,0.5172798216276477,50,0.29519832985386224,23,0,3
465,Xiaomi Mi 11,0,0.06690140845070423,0.027272727272727282,0.10442214790040878,10,0.07473903966597079,26,1,1
466,OnePlus 9,0,0.4137323943661972,0.34545454545454546,0.5455221107395021,51,0.25929018789144054,55,1,3
467,Samsung Galaxy S21,0,0.676056338028169,0.5727272727272728,0.7606837606837606,75,0.4133611691022965,51,0,4
468,Google Pixel 5,0,0.36619718309859156,0.2727272727272727,0.4132292827945002,47,0.23340292275574115,41,1,3
469,Xiaomi Mi 11,0,0.7024647887323944,0.5909090909090909,0.6016350798959494,61,0.41753653444676414,46,0,4
470,Xiaomi Mi 11,0,0.015845070422535218,0.08181818181818182,0.08881456707543665,16,0.0801670146137787,37,0,1
471,Samsung Galaxy S21,0,0.3838028169014085,0.32727272727272727,0.4065403195837979,52,0.32609603340292276,40,0,3
472,Xiaomi Mi 11,0,0.8996478873239436,0.7636363636363637,0.7989594946116685,93,0.7135699373695199,53,1,5
473,Xiaomi Mi 11,0,0.19190140845070425,0.1818181818181818,0.14678558156819027,37,0.17160751565762006,26,1,2
474,iPhone 12,1,0.4559859154929578,0.36363636363636365,0.4916387959866221,45,0.24425887265135704,29,0,3
475,Xiaomi Mi 11,0,0.31690140845070425,0.3545454545454546,0.5035302861389818,55,0.2768267223382046,49,1,3
476,Samsung Galaxy S21,0,0.6725352112676056,0.4727272727272728,0.705685618729097,68,0.41043841336116915,54,1,4
477,Google Pixel 5,0,0.5070422535211268,0.509090909090909,0.664065403195838,77,0.42755741127348645,49,1,4
478,iPhone 12,1,0.4014084507042254,0.2909090909090909,0.3764399851356373,44,0.2755741127348643,59,1,3
479,OnePlus 9,0,0.4014084507042254,0.30000000000000004,0.5414344109996284,59,0.2572025052192067,41,1,3
480,Samsung Galaxy S21,0,0.27992957746478875,0.34545454545454546,0.5124489037532516,59,0.28935281837160753,57,0,3
481,iPhone 12,1,0.2200704225352113,0.12727272727272726,0.24228911185432922,39,0.14154488517745303,51,0,2
482,Samsung Galaxy S21,0,0.8767605633802816,0.8545454545454546,0.8974358974358975,87,0.8509394572025053,34,0,5
483,iPhone 12,1,0.9137323943661971,0.9181818181818181,0.9472315124489038,87,0.7148225469728602,56,0,5
484,Xiaomi Mi 11,0,0.08450704225352114,0.054545454545454564,0.06243032329988853,18,0.053444676409185814,49,1,1
485,iPhone 12,1,0.7288732394366197,0.4545454545454545,0.5837978446674099,61,0.41377870563674324,39,1,4
486,Xiaomi Mi 11,0,0.08802816901408451,0.009090909090909094,0.042735042735042736,18,0.08183716075156577,36,0,1
487,iPhone 12,1,0.1778169014084507,0.2545454545454545,0.16239316239316237,34,0.09519832985386223,57,1,2
488,iPhone 12,1,0.3485915492957747,0.3090909090909091,0.5321441843180974,46,0.29311064718162844,57,1,3
489,Xiaomi Mi 11,0,0.6795774647887324,0.5727272727272728,0.5871423262727611,62,0.5139874739039666,32,1,4
490,Google Pixel 5,0,0.9788732394366197,0.7545454545454546,0.7807506503158678,94,0.931106471816284,21,0,5
491,Google Pixel 5,0,0.6795774647887324,0.4636363636363636,0.7346711259754738,71,0.4150313152400835,47,0,4
492,iPhone 12,1,0.21478873239436624,0.24545454545454545,0.2400594574507618,22,0.16910229645093947,53,1,2
493,Xiaomi Mi 11,0,0.10035211267605633,0.04545454545454544,0.10850984764028244,19,0.04008350730688936,36,1,1
494,OnePlus 9,0,0.5264084507042254,0.5272727272727272,0.5908584169453734,69,0.5348643006263049,23,0,4
495,Samsung Galaxy S21,0,0.13556338028169013,0.13636363636363638,0.3247863247863248,24,0.1849686847599165,29,1,2
496,Google Pixel 5,0,0.8151408450704225,0.9,0.9758454106280193,88,0.8409185803757829,57,0,5
497,iPhone 12,1,0.26760563380281693,0.34545454545454546,0.4451876625789669,51,0.2943632567849687,43,1,3
498,iPhone 12,1,0.1267605633802817,0.1727272727272727,0.22891118543292455,37,0.10855949895615868,20,1,2
499,Google Pixel 5,0,0.42957746478873243,0.31818181818181823,0.3916759568933482,54,0.3202505219206681,53,0,3
500,iPhone 12,1,0.198943661971831,0.23636363636363636,0.25492382014121145,26,0.16784968684759918,45,1,2
501,Google Pixel 5,0,0.06338028169014084,0.027272727272727282,0.024897807506503153,14,0.03883089770354906,32,0,1
502,Xiaomi Mi 11,0,0.6866197183098591,0.6090909090909091,0.6373095503530286,74,0.4530271398747391,24,1,4
503,Xiaomi Mi 11,0,0.971830985915493,0.6727272727272727,0.8777406168710516,91,0.9983298538622131,55,1,5
504,Google Pixel 5,0,0.29929577464788737,0.4363636363636363,0.36752136752136755,50,0.3603340292275574,52,0,3
505,Google Pixel 5,0,0.8151408450704225,0.6818181818181818,0.9502043849869938,99,0.9803757828810021,47,0,5
506,Samsung Galaxy S21,0,0.5598591549295774,0.509090909090909,0.7788926049795615,66,0.5482254697286013,49,1,4
507,Xiaomi Mi 11,0,0.36619718309859156,0.3727272727272727,0.41099962839093274,45,0.3503131524008351,27,0,3
508,Xiaomi Mi 11,0,0.00528169014084507,0.09090909090909091,0.00594574507617987,11,0.029645093945720256,42,1,1
509,Google Pixel 5,0,0.41725352112676056,0.44545454545454544,0.5343738387216648,45,0.2876826722338205,22,0,3
510,iPhone 12,1,0.8133802816901409,0.8181818181818182,0.8216276477146043,90,0.7791231732776619,31,0,5
511,Google Pixel 5,0,0.3714788732394366,0.3909090909090909,0.5444072835377183,58,0.36492693110647184,38,1,3
512,Samsung Galaxy S21,0,0.9454225352112676,0.890909090909091,0.9695280564845782,89,0.6597077244258873,39,0,5
513,Samsung Galaxy S21,0,0.01056338028169014,0.054545454545454564,0.052025269416573774,17,0.061377870563674324,34,0,1
514,OnePlus 9,0,0.1408450704225352,0.21818181818181817,0.2500929022668153,31,0.16910229645093947,57,1,2
515,Samsung Galaxy S21,0,0.7676056338028169,0.5545454545454545,0.6250464511334076,73,0.5674321503131524,54,0,4
516,OnePlus 9,0,0.16901408450704225,0.1090909090909091,0.32887402452619846,28,0.20751565762004176,25,0,2
517,Xiaomi Mi 11,0,0.15845070422535212,0.2545454545454545,0.23708658491267187,36,0.18079331941544888,44,0,2
518,iPhone 12,1,0.05985915492957747,0.018181818181818174,0.10776662950575995,19,0.04843423799582464,25,0,1
519,OnePlus 9,0,0.9577464788732395,0.6818181818181818,0.9208472686733556,87,0.7127348643006264,34,1,5
520,OnePlus 9,0,0.15669014084507044,0.1090909090909091,0.305091044221479,22,0.11231732776617956,51,0,2
521,OnePlus 9,0,0.5633802816901409,0.5,0.7662578966926793,75,0.5774530271398748,20,0,4
522,Google Pixel 5,0,0.06866197183098592,0.009090909090909094,0.0865849126718692,17,0.0617954070981211,25,0,1
523,Xiaomi Mi 11,0,0.7183098591549295,0.5,0.5748792270531401,64,0.4271398747390397,49,1,4
524,Samsung Galaxy S21,0,0.8380281690140845,0.9272727272727271,0.8625046451133408,98,0.9845511482254697,48,0,5
525,Samsung Galaxy S21,0,0.42605633802816906,0.38181818181818183,0.4043106651802304,45,0.28810020876826725,57,1,3
526,Samsung Galaxy S21,0,0.34154929577464793,0.31818181818181823,0.4994425863991081,57,0.2350730688935282,59,0,3
527,Google Pixel 5,0,0.12147887323943664,0.12727272727272726,0.14381270903010035,36,0.09018789144050107,29,1,2
528,iPhone 12,1,0.02464788732394367,0.018181818181818174,0.060943887030843566,10,0.012108559498956159,57,1,1
529,Google Pixel 5,0,0.2552816901408451,0.1818181818181818,0.18543292456335936,32,0.09853862212943634,24,0,2
530,Google Pixel 5,0,0.3485915492957747,0.34545454545454546,0.4968413229282794,47,0.2897703549060543,42,1,3
531,Xiaomi Mi 11,0,0.9841549295774648,0.9818181818181818,0.8647342995169083,86,0.9924843423799584,43,1,5
532,OnePlus 9,0,0.5440140845070423,0.6272727272727273,0.6261612783351914,66,0.4546972860125261,47,0,4
533,iPhone 12,1,0.7059859154929577,0.49090909090909096,0.7075436640654033,66,0.45845511482254697,23,1,4
534,Xiaomi Mi 11,0,0.28169014084507044,0.3363636363636364,0.3619472315124489,57,0.3394572025052192,22,1,3
535,OnePlus 9,0,0.6320422535211268,0.4636363636363636,0.6633221850613155,67,0.5348643006263049,30,0,4
536,Samsung Galaxy S21,0,0.19190140845070425,0.20909090909090908,0.23597175771088813,24,0.1966597077244259,25,1,2
537,Samsung Galaxy S21,0,0.4559859154929578,0.44545454545454544,0.4555927164622817,48,0.3394572025052192,30,0,3
538,Samsung Galaxy S21,0,0.9911971830985915,0.9181818181818181,0.8807134894091416,82,0.9002087682672234,34,1,5
539,Google Pixel 5,0,0.9612676056338028,0.7727272727272727,0.8680787811222594,98,0.909812108559499,38,1,5
540,OnePlus 9,0,0.9894366197183098,0.7636363636363637,0.9531772575250835,95,0.6676409185803758,27,1,5
541,iPhone 12,1,0.9454225352112676,0.8636363636363636,0.9345968041620215,89,0.8734864300626305,52,0,5
542,iPhone 12,1,0.24647887323943662,0.13636363636363638,0.16276477146042362,21,0.1816283924843424,25,1,2
543,Google Pixel 5,0,0.3732394366197183,0.4,0.3734671125975474,48,0.22546972860125264,28,0,3
544,Samsung Galaxy S21,0,0.4313380281690141,0.40909090909090906,0.4882943143812709,48,0.23131524008350735,55,0,3
545,Google Pixel 5,0,0.9049295774647887,0.7909090909090908,0.8662207357859532,97,0.6784968684759917,28,1,5
546,OnePlus 9,0,0.03521126760563381,0.09090909090909091,0.02229654403567448,17,0.03340292275574113,34,1,1
547,OnePlus 9,0,0.3626760563380282,0.32727272727272727,0.5380899293942772,45,0.36283924843423804,21,1,3
548,iPhone 12,1,0.19190140845070425,0.14545454545454548,0.13229282794500186,33,0.10688935281837161,58,1,2
549,Google Pixel 5,0,0.6214788732394366,0.509090909090909,0.6885916016350799,74,0.5252609603340292,45,0,4
550,Samsung Galaxy S21,0,0.25,0.2727272727272727,0.2768487551096247,32,0.16951983298538625,21,1,2
551,Xiaomi Mi 11,0,0.7482394366197183,0.4727272727272728,0.6250464511334076,72,0.4947807933194155,42,0,4
552,Samsung Galaxy S21,0,0.22359154929577468,0.13636363636363638,0.3002601263470829,30,0.11315240083507308,37,1,2
553,iPhone 12,1,0.2517605633802817,0.2545454545454545,0.11259754738015608,23,0.20083507306889356,32,0,2
554,Samsung Galaxy S21,0,0.6602112676056338,0.5727272727272728,0.6614641397250093,75,0.44258872651356995,37,1,4
555,iPhone 12,1,0.6285211267605634,0.509090909090909,0.6934225195094761,61,0.4776617954070982,19,1,4
556,Xiaomi Mi 11,0,0.30105633802816906,0.3545454545454546,0.49461166852471206,41,0.3632567849686848,32,1,3
557,iPhone 12,1,0.1971830985915493,0.22727272727272727,0.12002972872538091,25,0.1118997912317328,40,1,2
558,Samsung Galaxy S21,0,0.295774647887324,0.2909090909090909,0.4050538833147529,43,0.22463465553235912,27,0,3
559,Google Pixel 5,0,0.5827464788732394,0.6,0.6447417316982534,65,0.398329853862213,55,0,4
560,OnePlus 9,0,0.9207746478873239,0.9636363636363635,0.970642883686362,81,0.7340292275574113,47,0,5
561,Samsung Galaxy S21,0,0.6654929577464789,0.4727272727272728,0.7220364176885916,69,0.4179540709812109,38,1,4
562,Xiaomi Mi 11,0,0.1602112676056338,0.1,0.3292456335934597,21,0.19874739039665973,18,0,2
563,Google Pixel 5,0,0.0721830985915493,0.03636363636363635,0.0765514678558157,15,0.06805845511482256,33,1,1
564,iPhone 12,1,0.028169014084507046,0.054545454545454564,0.05128205128205128,10,0.06805845511482256,31,0,1
565,Xiaomi Mi 11,0,0.45774647887323944,0.3090909090909091,0.36046079524340396,55,0.3373695198329854,44,0,3
566,Samsung Galaxy S21,0,0.0528169014084507,0.027272727272727282,0.059457450761798605,15,0.08100208768267225,40,0,1
567,Google Pixel 5,0,0.15140845070422537,0.26363636363636367,0.3084355258268302,26,0.1653444676409186,35,1,2
568,OnePlus 9,0,0.09859154929577464,0.06363636363636363,0.0037160906726124154,16,0.05219206680584552,32,0,1
569,Google Pixel 5,0,0.4595070422535212,0.3909090909090909,0.4589371980676329,43,0.24968684759916493,49,1,3
570,Google Pixel 5,0,0.6584507042253521,0.509090909090909,0.6982534373838721,77,0.511482254697286,18,0,4
571,OnePlus 9,0,0.7235915492957746,0.5545454545454545,0.6042363433667781,74,0.5507306889352819,57,0,4
572,Google Pixel 5,0,0.7288732394366197,0.4636363636363636,0.7160906726124118,73,0.4559498956158664,25,1,4
573,OnePlus 9,0,0.31866197183098594,0.44545454545454544,0.5406911928651059,42,0.31816283924843425,56,1,3
574,Samsung Galaxy S21,0,0.8926056338028169,0.7363636363636363,0.9498327759197324,86,0.858455114822547,22,0,5
575,Xiaomi Mi 11,0,0.8609154929577465,0.9,0.8431809736157563,93,0.8605427974947808,47,1,5
576,Samsung Galaxy S21,0,0.11267605633802817,0.22727272727272727,0.11296915644741733,30,0.14363256784968687,49,0,2
577,Google Pixel 5,0,0.9225352112676056,0.8454545454545456,0.9193608324043107,83,0.6279749478079333,34,1,5
578,iPhone 12,1,0.6179577464788732,0.5909090909090909,0.7112597547380156,66,0.49645093945720253,37,1,4
579,OnePlus 9,0,0.3996478873239437,0.4545454545454545,0.5250836120401338,49,0.339874739039666,40,1,3
580,Samsung Galaxy S21,0,0.029929577464788734,0.009090909090909094,0.08547008547008549,18,0.008350730688935284,36,0,1
581,iPhone 12,1,0.875,0.8181818181818182,0.7907840951319213,82,0.6826722338204594,27,1,5
582,Samsung Galaxy S21,0,0.20774647887323944,0.15454545454545457,0.12002972872538091,34,0.13110647181628393,27,0,2
583,iPhone 12,1,0.2834507042253521,0.42727272727272725,0.4132292827945002,53,0.3711899791231733,19,1,3
584,Google Pixel 5,0,0.0721830985915493,0.08181818181818182,0.09996283909327387,10,0.006263048016701467,43,1,1
585,OnePlus 9,0,0.07570422535211267,0.027272727272727282,0.08769973987365291,19,0.030480167014613778,30,1,1
586,OnePlus 9,0,0.20950704225352113,0.19090909090909094,0.3303604607952434,28,0.19248434237995826,29,0,2
587,Xiaomi Mi 11,0,0.29401408450704225,0.3090909090909091,0.5065031586770717,44,0.21127348643006266,43,1,3
588,Samsung Galaxy S21,0,0.5246478873239436,0.4636363636363636,0.6217019695280565,72,0.4171189979123174,24,0,4
589,OnePlus 9,0,0.6936619718309859,0.5909090909090909,0.6291341508732813,75,0.4701461377870564,36,0,4
590,Samsung Galaxy S21,0,0.14260563380281693,0.23636363636363636,0.1207729468599034,26,0.15114822546972861,39,1,2
591,Samsung Galaxy S21,0,0.22711267605633806,0.24545454545454545,0.12188777406168712,33,0.19749478079331945,30,0,2
592,Google Pixel 5,0,0.9683098591549295,0.9545454545454545,0.9160163507989595,84,0.9348643006263049,36,1,5
593,Samsung Galaxy S21,0,0.6144366197183099,0.6090909090909091,0.5600148643626904,64,0.3958246346555324,22,1,4
594,Samsung Galaxy S21,0,0.32922535211267606,0.2909090909090909,0.4451876625789669,42,0.24008350730688938,26,1,3
595,Xiaomi Mi 11,0,0.7341549295774648,0.4818181818181818,0.6157562244518766,63,0.5590814196242172,48,0,4
596,OnePlus 9,0,0.8485915492957746,0.8636363636363636,0.8309178743961353,82,0.6647181628392484,41,0,5
597,Xiaomi Mi 11,0,0.8468309859154929,0.890909090909091,0.8275733927907841,91,0.954070981210856,21,0,5
598,OnePlus 9,0,0.19366197183098594,0.13636363636363638,0.19435154217762912,31,0.10229645093945722,59,0,2
599,Samsung Galaxy S21,0,0.147887323943662,0.1818181818181818,0.30806391675956896,31,0.20626304801670148,28,0,2
600,Samsung Galaxy S21,0,0.2852112676056338,0.30000000000000004,0.4013377926421404,42,0.3352818371607516,47,1,3
601,iPhone 12,1,0.5193661971830985,0.4545454545454545,0.7216648086213304,70,0.49853862212943634,30,1,4
602,OnePlus 9,0,0.09330985915492958,0.018181818181818174,0.09030100334448161,15,0.07599164926931107,44,0,1
603,OnePlus 9,0,0.1619718309859155,0.1818181818181818,0.23039762170196953,32,0.11315240083507308,43,0,2
604,OnePlus 9,0,0.19014084507042256,0.1,0.13303604607952435,22,0.13444676409185805,41,1,2
605,OnePlus 9,0,0.26760563380281693,0.3909090909090909,0.3626904496469714,42,0.32693110647181634,54,1,3
606,OnePlus 9,0,0.6954225352112676,0.4545454545454545,0.6042363433667781,72,0.4375782881002088,53,1,4
607,OnePlus 9,0,0.9683098591549295,0.8545454545454546,0.8153102935711631,81,0.9766179540709813,37,1,5
608,Xiaomi Mi 11,0,0.30457746478873243,0.2727272727272727,0.37941285767372723,56,0.28601252609603345,21,0,3
609,Xiaomi Mi 11,0,0.4014084507042254,0.3545454545454546,0.4808621330360461,56,0.34864300626304806,40,1,3
610,iPhone 12,1,0.9172535211267605,0.6818181818181818,0.9754738015607581,92,0.7511482254697287,51,0,5
611,iPhone 12,1,0.8397887323943661,0.7818181818181817,0.8561872909698997,95,0.6016701461377871,48,0,5
612,Xiaomi Mi 11,0,0.04753521126760564,0.027272727272727282,0.06949089557785211,16,0.012108559498956159,37,0,1
613,Xiaomi Mi 11,0,0.9207746478873239,0.8363636363636363,0.9695280564845782,82,0.9766179540709813,44,0,5
614,Google Pixel 5,0,0.03345070422535211,0.009090909090909094,0.03455964325529544,16,0.021294363256784972,46,1,1
615,Samsung Galaxy S21,0,0.13380281690140844,0.2727272727272727,0.31809736157562246,23,0.1632567849686848,18,0,2
616,Google Pixel 5,0,0.15669014084507044,0.24545454545454545,0.11371237458193982,36,0.14989561586638833,52,0,2
617,OnePlus 9,0,0.45422535211267606,0.4,0.4362690449646971,49,0.2776617954070981,36,1,3
618,Google Pixel 5,0,0.3433098591549296,0.4181818181818181,0.4035674470457079,55,0.3603340292275574,36,1,3
619,OnePlus 9,0,0.5492957746478873,0.5454545454545454,0.5663322185061316,71,0.407098121085595,26,1,4
620,Samsung Galaxy S21,0,0.4612676056338028,0.2909090909090909,0.41062801932367154,54,0.31941544885177453,59,0,3
621,iPhone 12,1,0.33098591549295775,0.36363636363636365,0.4358974358974359,46,0.3632567849686848,59,1,3
622,Google Pixel 5,0,0.05985915492957747,0.07272727272727272,0.018208844295800816,15,0.07181628392484343,56,0,1
623,Xiaomi Mi 11,0,0.7447183098591549,0.5818181818181818,0.7658862876254181,65,0.3941544885177453,41,1,4
624,OnePlus 9,0,0.02112676056338028,0.07272727272727272,0.042735042735042736,15,0.07599164926931107,21,0,1
625,Samsung Galaxy S21,0,0.01056338028169014,0.04545454545454544,0.002972872538089935,15,0.07098121085594991,45,0,1
626,OnePlus 9,0,0.04401408450704225,0.07272727272727272,0.009661835748792272,12,0.03924843423799582,31,1,1
627,iPhone 12,1,0.31690140845070425,0.36363636363636365,0.4875510962467484,53,0.2409185803757829,55,1,3
628,iPhone 12,1,0.346830985915493,0.38181818181818183,0.4251207729468599,46,0.3415448851774531,59,0,3
629,Xiaomi Mi 11,0,0.029929577464788734,0.018181818181818174,0.05016722408026757,18,0.05511482254697287,55,0,1
630,iPhone 12,1,0.7588028169014084,0.4818181818181818,0.6265328874024526,62,0.37661795407098125,21,0,4
631,Google Pixel 5,0,0.11267605633802817,0.19090909090909094,0.28836863619472314,38,0.16158663883089772,25,0,2
632,Samsung Galaxy S21,0,0.3274647887323944,0.3727272727272727,0.4388703084355259,54,0.3653444676409186,45,1,3
633,iPhone 12,1,0.8204225352112676,0.8363636363636363,0.8491267186919361,84,0.7594989561586639,56,1,5
634,OnePlus 9,0,0.19014084507042256,0.20000000000000004,0.31215161649944256,31,0.11022964509394573,29,1,2
635,iPhone 12,1,0.5070422535211268,0.509090909090909,0.6514306949089558,67,0.4805845511482255,43,0,4
636,Samsung Galaxy S21,0,0.11619718309859155,0.21818181818181817,0.33296172426607207,39,0.12484342379958249,48,1,2
637,OnePlus 9,0,0.8450704225352113,0.8818181818181817,0.791898922333705,90,0.6793319415448852,47,0,5
638,Xiaomi Mi 11,0,0.09330985915492958,0.009090909090909094,0.09067261241174286,10,0.0780793319415449,32,1,1
639,Google Pixel 5,0,0.681338028169014,0.4727272727272728,0.6584912671869194,63,0.43131524008350736,35,1,4
640,Google Pixel 5,0,0.8943661971830986,0.8,0.9201040505388333,91,0.8258872651356994,35,1,5
641,Samsung Galaxy S21,0,0.05809859154929578,0.07272727272727272,0.007060572277963584,11,0.07056367432150315,42,0,1
642,OnePlus 9,0,0.03521126760563381,0.03636363636363635,0.05239687848383502,16,0.06388308977035492,26,1,1
643,Google Pixel 5,0,0.8309859154929577,0.6545454545454544,0.8528428093645485,90,0.6058455114822547,27,0,5
644,OnePlus 9,0,0.13204225352112675,0.20909090909090908,0.15644741731698253,35,0.19373695198329857,46,0,2
645,Google Pixel 5,0,0.2746478873239437,0.34545454545454546,0.44295800817539943,53,0.3536534446764092,20,1,3
646,Xiaomi Mi 11,0,0.2535211267605634,0.1727272727272727,0.3325901151988109,23,0.1014613778705637,20,1,2
647,Samsung Galaxy S21,0,0.10387323943661973,0.027272727272727282,0.004459308807134896,16,0.041336116910229655,58,1,1
648,iPhone 12,1,0.06338028169014084,0.04545454545454544,0.09773318468970645,17,0.07557411273486431,42,1,1
649,iPhone 12,1,0.6320422535211268,0.4818181818181818,0.7402452619843924,76,0.5144050104384134,53,0,4
650,Xiaomi Mi 11,0,0.2746478873239437,0.4,0.4923820141211446,58,0.28726513569937373,31,1,3
651,Google Pixel 5,0,0.20950704225352113,0.09090909090909091,0.2746191007060572,39,0.10605427974947809,49,0,2
652,iPhone 12,1,0.06866197183098592,0.06363636363636363,0.08063916759568936,10,0.027139874739039664,51,1,1
653,Xiaomi Mi 11,0,0.3098591549295775,0.38181818181818183,0.49424005945745075,47,0.24718162839248436,30,0,3
654,Samsung Galaxy S21,0,0.03345070422535211,0.018181818181818174,0.023411371237458192,19,0.017536534446764097,29,0,1
655,Google Pixel 5,0,0.9929577464788732,0.8636363636363636,0.9427722036417688,91,0.6450939457202506,56,0,5
656,Google Pixel 5,0,0.13028169014084506,0.24545454545454545,0.2697881828316611,29,0.1632567849686848,39,0,2
657,Google Pixel 5,0,0.4084507042253521,0.4181818181818181,0.44109996283909325,59,0.21962421711899793,54,1,3
658,Xiaomi Mi 11,0,0.4366197183098592,0.3909090909090909,0.3961352657004831,56,0.3306889352818372,40,1,3
659,Xiaomi Mi 11,0,0.7623239436619718,0.5272727272727272,0.7640282422891119,68,0.47348643006263047,43,1,4
660,Xiaomi Mi 11,0,0.8362676056338028,0.7818181818181817,0.8034188034188035,91,0.9490605427974949,35,0,5
661,Google Pixel 5,0,0.03521126760563381,0.04545454545454544,0.03158677071720552,12,0.018371607515657626,59,0,1
662,Xiaomi Mi 11,0,0.19014084507042256,0.19090909090909094,0.23968784838350055,29,0.1849686847599165,48,0,2
663,Xiaomi Mi 11,0,0.176056338028169,0.20000000000000004,0.3296172426607209,37,0.1444676409185804,45,0,2
664,Google Pixel 5,0,0.772887323943662,0.49090909090909096,0.5782237086584913,78,0.4989561586638831,55,1,4
665,Xiaomi Mi 11,0,0.9242957746478873,0.8454545454545456,0.8420661464139725,83,0.7937369519832986,52,0,5
666,iPhone 12,1,0.295774647887324,0.4,0.46153846153846156,53,0.22254697286012526,53,0,3
667,Samsung Galaxy S21,0,0.8785211267605634,0.9454545454545454,0.9620958751393535,82,0.7277661795407099,46,0,5
668,Samsung Galaxy S21,0,0.3080985915492958,0.40909090909090906,0.5191378669639539,49,0.2617954070981211,36,0,3
669,iPhone 12,1,0.24647887323943662,0.12727272727272726,0.2738758825715347,38,0.09686847599164927,23,0,2
670,Samsung Galaxy S21,0,0.22887323943661975,0.20000000000000004,0.12857673727238944,31,0.0989561586638831,27,1,2
671,iPhone 12,1,0.0897887323943662,0.054545454545454564,0.03158677071720552,13,0.05093945720250522,48,0,1
672,Google Pixel 5,0,0.7711267605633803,0.5727272727272728,0.6075808249721293,64,0.46221294363256793,22,0,4
673,Xiaomi Mi 11,0,0.8274647887323944,0.9272727272727271,0.9747305834262355,84,0.975365344467641,27,0,5
674,Google Pixel 5,0,0.012323943661971828,0.054545454545454564,0.06986250464511336,18,0.04759916492693111,52,0,1
675,Xiaomi Mi 11,0,0.8661971830985915,0.9454545454545454,0.9193608324043107,93,0.6956158663883091,27,1,5
676,Xiaomi Mi 11,0,0.0897887323943662,0.04545454545454544,0.09030100334448161,17,0.023799582463465564,40,0,1
677,OnePlus 9,0,0.19542253521126762,0.2545454545454545,0.14381270903010035,38,0.1979123173277662,34,0,2
678,Samsung Galaxy S21,0,0.14964788732394368,0.22727272727272727,0.15013006317354144,26,0.1640918580375783,52,1,2
679,Google Pixel 5,0,0.47183098591549294,0.32727272727272727,0.4544778892604979,59,0.29728601252609604,36,1,3
680,iPhone 12,1,0.00528169014084507,0.07272727272727272,0.011891490152359727,16,0.00459290187891441,36,1,1
681,Google Pixel 5,0,0.4876760563380282,0.4636363636363636,0.6700111482720178,76,0.421294363256785,25,1,4
682,Xiaomi Mi 11,0,0.6161971830985915,0.6,0.7625418060200669,77,0.4546972860125261,30,0,4
683,Xiaomi Mi 11,0,0.28169014084507044,0.40909090909090906,0.5261984392419176,58,0.2977035490605428,42,0,3
684,Samsung Galaxy S21,0,0.07922535211267605,0.054545454545454564,0.008547008547008558,12,0.05135699373695198,45,0,1
685,Google Pixel 5,0,0.33098591549295775,0.2727272727272727,0.34150873281308064,47,0.3006263048016702,25,0,3
686,Xiaomi Mi 11,0,0.6725352112676056,0.509090909090909,0.5785953177257526,67,0.5390396659707725,18,0,4
687,Google Pixel 5,0,0.5369718309859155,0.6090909090909091,0.6447417316982534,68,0.37787056367432154,18,0,4
688,OnePlus 9,0,0.6285211267605634,0.4818181818181818,0.6674098848011891,61,0.4492693110647182,54,0,4
689,Google Pixel 5,0,0.40669014084507044,0.3545454545454546,0.4782608695652174,56,0.3014613778705637,52,1,3
690,Samsung Galaxy S21,0,0.8996478873239436,0.7727272727272727,0.7885544407283538,98,0.6045929018789145,32,0,5
691,Google Pixel 5,0,0.2904929577464789,0.42727272727272725,0.4254923820141211,48,0.2409185803757829,30,0,3
692,iPhone 12,1,0.2605633802816902,0.2727272727272727,0.20587142326272762,37,0.19498956158663885,51,1,2
693,Xiaomi Mi 11,0,0.6126760563380281,0.5181818181818182,0.5930880713489409,78,0.5649269311064719,48,1,4
694,Xiaomi Mi 11,0,0.8362676056338028,0.6909090909090909,0.9253065774804906,82,0.67098121085595,31,0,5
695,Samsung Galaxy S21,0,0.9401408450704225,0.7909090909090908,0.7878112225938313,83,0.7862212943632568,34,1,5
696,iPhone 12,1,0.1091549295774648,0.26363636363636367,0.2898550724637681,26,0.1164926931106472,22,0,2
697,Xiaomi Mi 11,0,0.5035211267605634,0.5272727272727272,0.6179858788554441,68,0.45887265135699373,59,0,4
698,Google Pixel 5,0,0.12147887323943664,0.19090909090909094,0.23782980304719437,22,0.14822546972860126,50,1,2
699,Samsung Galaxy S21,0,0.05633802816901409,0.06363636363636363,0.04793756967670011,13,0.05093945720250522,44,0,1
700,OnePlus 9,0,0.3204225352112676,0.4,0.37309550353028614,49,0.30313152400835075,23,1,3
